"longitude","latitude","oco2_frk_xco2","oco2_frk_sd","date"
-60.5,-3.5,396.888901230166,0.750610040179009,2014-10-02 10:00:00
-60.5,-3.5,397.202918865605,0.725251640998047,2014-10-03 10:00:00
-60.5,-3.5,397.447567914128,0.690284686795525,2014-10-04 10:00:00
-60.5,-3.5,397.718818844973,0.679111806374875,2014-10-05 11:00:00
-60.5,-3.5,397.907797444228,0.644944184286079,2014-10-06 11:00:00
-60.5,-3.5,398.0217403408,0.653792733928937,2014-10-07 11:00:00
-60.5,-3.5,397.945410782766,0.68901133515095,2014-10-08 11:00:00
-60.5,-3.5,397.785946165595,0.727934144005939,2014-10-09 11:00:00
-60.5,-3.5,397.568654375341,0.72498800409154,2014-10-10 11:00:00
-60.5,-3.5,397.36494917102,0.715682349634226,2014-10-11 11:00:00
-60.5,-3.5,397.173935232328,0.716574959200141,2014-10-12 11:00:00
-60.5,-3.5,397.102081813463,0.726398472780416,2014-10-13 11:00:00
-60.5,-3.5,397.182214367948,0.706441562421668,2014-10-14 11:00:00
-60.5,-3.5,397.259471534285,0.654245595163091,2014-10-15 11:00:00
-60.5,-3.5,397.370759260429,0.613935509158671,2014-10-16 11:00:00
-60.5,-3.5,397.463990154394,0.619499466935568,2014-10-17 11:00:00
-60.5,-3.5,397.424291074808,0.647785541950326,2014-10-18 11:00:00
-60.5,-3.5,397.270122714667,0.672205217567506,2014-10-19 11:00:00
-60.5,-3.5,397.038493389276,0.660229815188068,2014-10-20 11:00:00
-60.5,-3.5,396.774955894562,0.654096026707874,2014-10-21 11:00:00
-60.5,-3.5,396.539086821719,0.710738107680304,2014-10-22 11:00:00
-60.5,-3.5,396.356974028453,0.802729010962716,2014-10-23 11:00:00
-60.5,-3.5,396.283658746807,0.879698087023393,2014-10-24 11:00:00
-60.5,-3.5,396.234509968098,0.86745489893874,2014-10-25 11:00:00
-60.5,-3.5,396.225308020738,0.796579892094524,2014-10-26 11:00:00
-60.5,-3.5,396.229486837374,0.687655302009386,2014-10-27 11:00:00
-60.5,-3.5,396.251881213473,0.580518969170487,2014-10-28 11:00:00
-60.5,-3.5,396.309244517398,0.53529021900899,2014-10-29 11:00:00
-60.5,-3.5,396.392054307281,0.551295680019891,2014-10-30 11:00:00
-60.5,-3.5,396.464907168463,0.565522446933473,2014-10-31 11:00:00
-60.5,-3.5,396.555541297739,0.577774265794577,2014-11-01 11:00:00
-60.5,-3.5,396.722186397776,0.572279365864506,2014-11-02 11:00:00
-60.5,-3.5,396.949197333337,0.561465161525916,2014-11-03 11:00:00
-60.5,-3.5,397.189837779647,0.55222392936791,2014-11-04 11:00:00
-60.5,-3.5,397.39238147743,0.543485807843103,2014-11-05 11:00:00
-60.5,-3.5,397.459770994861,0.540876478038569,2014-11-06 11:00:00
-60.5,-3.5,397.400275996155,0.540118673974132,2014-11-07 11:00:00
-60.5,-3.5,397.26980568613,0.555829864775777,2014-11-08 11:00:00
-60.5,-3.5,397.170649180419,0.588559286280225,2014-11-09 11:00:00
-60.5,-3.5,397.240333317143,0.624029227496849,2014-11-10 11:00:00
-60.5,-3.5,397.385037821809,0.658329350206816,2014-11-11 11:00:00
-60.5,-3.5,397.468098039483,0.697176299462154,2014-11-12 11:00:00
-60.5,-3.5,397.427433283818,0.743414992630452,2014-11-13 11:00:00
-60.5,-3.5,397.315932761563,0.755338616711656,2014-11-14 11:00:00
-60.5,-3.5,397.223736433079,0.747376715923059,2014-11-15 11:00:00
-60.5,-3.5,397.21004885411,0.720370877883901,2014-11-16 11:00:00
-60.5,-3.5,397.177862658079,0.698171915775976,2014-11-17 11:00:00
-60.5,-3.5,397.139485099442,0.737839396460519,2014-11-18 11:00:00
-60.5,-3.5,397.061194341666,0.763195732505921,2014-11-19 11:00:00
-60.5,-3.5,397.072024999638,0.772815597383012,2014-11-20 11:00:00
-60.5,-3.5,397.202086166831,0.760943514033426,2014-11-21 11:00:00
-60.5,-3.5,397.430324617164,0.717487136854888,2014-11-22 11:00:00
-60.5,-3.5,397.548266046407,0.651758753321771,2014-11-23 11:00:00
-60.5,-3.5,397.505505597075,0.611206739342641,2014-11-24 11:00:00
-60.5,-3.5,397.298861113966,0.614777778633169,2014-11-25 11:00:00
-60.5,-3.5,397.009239733245,0.626693159482994,2014-11-26 11:00:00
-60.5,-3.5,396.74695600705,0.606734119553928,2014-11-27 11:00:00
-60.5,-3.5,396.61270655507,0.580782052126397,2014-11-28 11:00:00
-60.5,-3.5,396.570324078061,0.546061425123272,2014-11-29 11:00:00
-60.5,-3.5,396.633643008198,0.516619397338522,2014-11-30 11:00:00
-60.5,-3.5,396.741858787466,0.49154717985586,2014-12-01 11:00:00
-60.5,-3.5,396.780351140025,0.476876444938378,2014-12-02 11:00:00
-60.5,-3.5,396.763735767165,0.472852343935724,2014-12-03 11:00:00
-60.5,-3.5,396.678707897747,0.469903281466937,2014-12-04 11:00:00
-60.5,-3.5,396.561792507617,0.470604827307746,2014-12-05 11:00:00
-60.5,-3.5,396.4949026396,0.471861516785264,2014-12-06 11:00:00
-60.5,-3.5,396.529762448887,0.484413155901182,2014-12-07 11:00:00
-60.5,-3.5,396.622517124573,0.50816320631738,2014-12-08 11:00:00
-60.5,-3.5,396.701377205187,0.535445779207141,2014-12-09 11:00:00
-60.5,-3.5,396.815816640517,0.57737681265193,2014-12-10 11:00:00
-60.5,-3.5,396.951655495713,0.626098917560604,2014-12-11 11:00:00
-60.5,-3.5,397.052809806466,0.66752444379555,2014-12-12 11:00:00
-60.5,-3.5,397.190578383684,0.692268050264895,2014-12-13 11:00:00
-60.5,-3.5,397.299954496351,0.695332604328462,2014-12-14 11:00:00
-60.5,-3.5,397.310678689694,0.690761691655473,2014-12-15 11:00:00
-60.5,-3.5,397.343764835032,0.720652822430646,2014-12-16 11:00:00
-60.5,-3.5,397.538087694351,0.739823822498181,2014-12-17 11:00:00
-60.5,-3.5,397.727870476408,0.764860238910972,2014-12-18 11:00:00
-60.5,-3.5,397.827630672325,0.816297457636381,2014-12-19 11:00:00
-60.5,-3.5,397.747502662788,0.833071644216658,2014-12-20 11:00:00
-60.5,-3.5,397.560077132858,0.893119887871039,2014-12-21 11:00:00
-60.5,-3.5,397.369379389772,0.873232275247924,2014-12-22 11:00:00
-60.5,-3.5,397.353215524176,0.875019344302815,2014-12-23 11:00:00
-60.5,-3.5,397.598274610194,0.845000552923211,2014-12-24 11:00:00
-60.5,-3.5,397.768905923356,0.802517572311129,2014-12-25 11:00:00
-60.5,-3.5,397.914118505244,0.757256058668893,2014-12-26 11:00:00
-60.5,-3.5,398.050653591994,0.720435165176806,2014-12-27 11:00:00
-60.5,-3.5,398.043882307789,0.677543673033353,2014-12-28 11:00:00
-60.5,-3.5,398.039188435279,0.642896690353903,2014-12-29 11:00:00
-60.5,-3.5,398.002651248422,0.61800839603793,2014-12-30 11:00:00
-60.5,-3.5,397.881914536825,0.610586003893533,2014-12-31 11:00:00
-60.5,-3.5,397.634302381275,0.618881566373765,2015-01-01 11:00:00
-60.5,-3.5,397.43162245244,0.621791592015456,2015-01-02 11:00:00
-60.5,-3.5,397.391813383403,0.599548637455532,2015-01-03 11:00:00
-60.5,-3.5,397.524209143741,0.602984563479846,2015-01-04 11:00:00
-60.5,-3.5,397.679267561693,0.652210847058408,2015-01-05 11:00:00
-60.5,-3.5,397.741865257331,0.743118843077905,2015-01-06 11:00:00
-60.5,-3.5,397.445693597978,0.837044980074543,2015-01-07 11:00:00
-60.5,-3.5,397.184328596112,0.840638675294562,2015-01-08 11:00:00
-60.5,-3.5,396.903582918873,0.760716202984217,2015-01-09 11:00:00
-60.5,-3.5,396.938537504493,0.655825895356621,2015-01-10 11:00:00
-60.5,-3.5,397.208172901749,0.609969970027875,2015-01-11 11:00:00
-60.5,-3.5,397.55810066421,0.62851028783884,2015-01-12 11:00:00
-60.5,-3.5,397.748676410839,0.6863551211235,2015-01-13 11:00:00
-60.5,-3.5,397.786972502164,0.725148943103368,2015-01-14 11:00:00
-60.5,-3.5,397.636208622399,0.72953373433582,2015-01-15 11:00:00
-60.5,-3.5,397.629663176551,0.75775070866149,2015-01-16 11:00:00
-60.5,-3.5,397.728615996522,0.914225950871676,2015-01-17 11:00:00
-60.5,-3.5,397.786639274037,1.14131787323324,2015-01-18 11:00:00
-60.5,-3.5,397.962428921313,1.37121184896966,2015-01-19 11:00:00
-60.5,-3.5,397.993705111064,1.51324867283075,2015-01-20 11:00:00
-60.5,-3.5,398.02030713465,1.58293922603526,2015-01-21 11:00:00
-60.5,-3.5,397.971569542621,1.48719951942492,2015-01-22 11:00:00
-60.5,-3.5,397.899390459831,1.26990121233841,2015-01-23 11:00:00
-60.5,-3.5,397.993245320918,1.05729737328511,2015-01-24 11:00:00
-60.5,-3.5,398.151609249723,0.862937744607575,2015-01-25 11:00:00
-60.5,-3.5,398.346674186621,0.812139927425492,2015-01-26 11:00:00
-60.5,-3.5,398.533039716756,0.797049076471092,2015-01-27 11:00:00
-60.5,-3.5,398.58553175161,0.790315799154295,2015-01-28 11:00:00
-60.5,-3.5,398.472775442493,0.748026906027522,2015-01-29 11:00:00
-60.5,-3.5,398.256278612661,0.694632806338793,2015-01-30 11:00:00
-60.5,-3.5,398.04406264957,0.652441075828085,2015-01-31 11:00:00
-60.5,-3.5,397.880786375901,0.648259375631748,2015-02-01 11:00:00
-60.5,-3.5,397.761319887117,0.666179974596362,2015-02-02 11:00:00
-60.5,-3.5,397.793705082775,0.680766591276931,2015-02-03 11:00:00
-60.5,-3.5,397.87490029246,0.672788613226006,2015-02-04 11:00:00
-60.5,-3.5,397.947334798721,0.656213835030218,2015-02-05 11:00:00
-60.5,-3.5,397.99262457641,0.643388078351575,2015-02-06 11:00:00
-60.5,-3.5,398.0315660854,0.661913984814783,2015-02-07 11:00:00
-60.5,-3.5,398.064917761531,0.690531948168278,2015-02-08 11:00:00
-60.5,-3.5,398.130958473761,0.708101201024979,2015-02-09 11:00:00
-60.5,-3.5,398.358219616658,0.705605070700279,2015-02-10 11:00:00
-60.5,-3.5,398.625097229902,0.687576480189705,2015-02-11 11:00:00
-60.5,-3.5,398.832720585856,0.669537710697735,2015-02-12 11:00:00
-60.5,-3.5,398.893288808362,0.672878719109514,2015-02-13 11:00:00
-60.5,-3.5,398.827008290485,0.703365415748877,2015-02-14 11:00:00
-60.5,-3.5,398.632545297556,0.744029060490518,2015-02-15 11:00:00
-60.5,-3.5,398.496007184315,0.778385243665412,2015-02-16 11:00:00
-60.5,-3.5,398.58886030118,0.865129216354316,2015-02-17 11:00:00
-60.5,-3.5,398.838228698267,0.938819804236016,2015-02-18 11:00:00
-60.5,-3.5,399.125737208777,1.00320798643287,2015-02-19 11:00:00
-60.5,-3.5,399.310782876433,1.01891839441127,2015-02-20 11:00:00
-60.5,-3.5,399.152408727171,0.996426388743,2015-02-21 11:00:00
-60.5,-3.5,398.902161193453,0.949976552703122,2015-02-22 11:00:00
-60.5,-3.5,398.854661533369,0.847945653217959,2015-02-23 11:00:00
-60.5,-3.5,398.971526115441,0.782763545407742,2015-02-24 11:00:00
-60.5,-3.5,399.101193319158,0.80321456083129,2015-02-25 11:00:00
-60.5,-3.5,399.209370701233,0.813286567428592,2015-02-26 11:00:00
-60.5,-3.5,399.092141217061,0.74313169932588,2015-02-27 11:00:00
-60.5,-3.5,398.785331977545,0.689522373278614,2015-02-28 11:00:00
-60.5,-3.5,398.450830811,0.711006046174158,2015-03-01 11:00:00
-60.5,-3.5,398.189432182309,0.747898648032209,2015-03-02 11:00:00
-60.5,-3.5,398.171092716683,0.747098238311862,2015-03-03 11:00:00
-60.5,-3.5,398.298370673734,0.74787347793746,2015-03-04 11:00:00
-60.5,-3.5,398.557299683397,0.690706255634399,2015-03-05 11:00:00
-60.5,-3.5,398.689410101621,0.638580486468515,2015-03-06 11:00:00
-60.5,-3.5,398.650986689184,0.579565740636823,2015-03-07 11:00:00
-60.5,-3.5,398.450876947203,0.54781199416584,2015-03-08 11:00:00
-60.5,-3.5,398.254463897557,0.551308967512246,2015-03-09 11:00:00
-60.5,-3.5,398.139026639125,0.567614777880851,2015-03-10 11:00:00
-60.5,-3.5,398.13405291153,0.575999359062218,2015-03-11 11:00:00
-60.5,-3.5,398.301269107568,0.564033292013326,2015-03-12 11:00:00
-60.5,-3.5,398.520176031911,0.535798801701538,2015-03-13 11:00:00
-60.5,-3.5,398.720113140293,0.530838425109675,2015-03-14 11:00:00
-60.5,-3.5,398.863309165151,0.582696477992265,2015-03-15 11:00:00
-60.5,-3.5,398.971296735855,0.669894097777503,2015-03-16 11:00:00
-60.5,-3.5,399.033739037514,0.734416489794668,2015-03-17 11:00:00
-60.5,-3.5,399.060597026512,0.781444001103968,2015-03-18 11:00:00
-60.5,-3.5,399.160244408009,0.865510553365614,2015-03-19 11:00:00
-60.5,-3.5,399.251917514274,0.997336371728431,2015-03-20 11:00:00
-60.5,-3.5,399.227165017757,1.03858343658655,2015-03-21 11:00:00
-60.5,-3.5,399.164885880907,0.963047730148774,2015-03-22 11:00:00
-60.5,-3.5,399.033167633495,0.89785563503695,2015-03-23 11:00:00
-60.5,-3.5,398.901132595069,0.973765865492849,2015-03-24 11:00:00
-60.5,-3.5,398.829327402551,1.10333147341542,2015-03-25 11:00:00
-60.5,-3.5,398.963815367342,1.11212397654285,2015-03-26 11:00:00
-60.5,-3.5,398.923916751437,0.980530238180641,2015-03-27 11:00:00
-60.5,-3.5,398.86405890177,0.932680137021972,2015-03-28 11:00:00
-60.5,-3.5,398.845813411003,0.968353084767742,2015-03-29 11:00:00
-60.5,-3.5,398.944051712998,1.01531865619881,2015-03-30 11:00:00
-60.5,-3.5,399.081595422923,1.02152846168529,2015-03-31 11:00:00
-60.5,-3.5,399.254737109444,0.99562920549441,2015-04-01 11:00:00
-60.5,-3.5,399.382341119379,0.882336362807239,2015-04-02 11:00:00
-60.5,-3.5,399.530846523501,0.738706911445052,2015-04-03 11:00:00
-60.5,-3.5,399.578660176615,0.665806283330783,2015-04-04 11:00:00
-60.5,-3.5,399.477155297297,0.649934288345014,2015-04-05 10:00:00
-60.5,-3.5,399.355593517378,0.644962901726188,2015-04-06 10:00:00
-60.5,-3.5,399.211902642929,0.59939057751518,2015-04-07 10:00:00
-60.5,-3.5,399.156864972103,0.566629742406825,2015-04-08 10:00:00
-60.5,-3.5,399.222399755355,0.578465010075862,2015-04-09 10:00:00
-60.5,-3.5,399.371784267968,0.613121762992871,2015-04-10 10:00:00
-60.5,-3.5,399.46789077838,0.638478428473506,2015-04-11 10:00:00
-60.5,-3.5,399.527479406159,0.670320628826998,2015-04-12 10:00:00
-60.5,-3.5,399.602583062615,0.718879389544354,2015-04-13 10:00:00
-60.5,-3.5,399.67776524662,0.771188799386197,2015-04-14 10:00:00
-60.5,-3.5,399.778594338106,0.794695529483569,2015-04-15 10:00:00
-60.5,-3.5,399.944226990617,0.771717762997813,2015-04-16 10:00:00
-60.5,-3.5,400.0193054892,0.746891656868114,2015-04-17 10:00:00
-60.5,-3.5,399.962965856248,0.787224557644167,2015-04-18 10:00:00
-60.5,-3.5,399.836441012186,0.932065120415116,2015-04-19 10:00:00
-60.5,-3.5,399.622072785468,1.15615888859542,2015-04-20 10:00:00
-60.5,-3.5,400.151595828055,1.05607409165894,2015-05-07 10:00:00
-60.5,-3.5,400.204398586089,0.917278794176154,2015-05-08 10:00:00
-60.5,-3.5,400.080472450428,0.891833698111783,2015-05-09 10:00:00
-60.5,-3.5,399.765085899424,0.999276893050304,2015-05-10 10:00:00
-60.5,-3.5,399.400112625376,1.12696393950798,2015-05-11 10:00:00
-60.5,-3.5,399.154493966162,1.18908698401737,2015-05-12 10:00:00
-60.5,-3.5,399.162075006895,1.16872426698625,2015-05-13 10:00:00
-60.5,-3.5,399.378586452774,1.09686214581015,2015-05-14 10:00:00
-60.5,-3.5,399.582234009623,1.02934174079157,2015-05-15 10:00:00
-60.5,-3.5,399.712516836044,0.980035399430639,2015-05-16 10:00:00
-60.5,-3.5,399.948719020113,0.920146680929195,2015-05-17 10:00:00
-60.5,-3.5,400.103247586264,0.811882344310611,2015-05-18 10:00:00
-60.5,-3.5,400.389225820454,0.705695530770076,2015-05-19 10:00:00
-60.5,-3.5,400.713678101401,0.664765324685836,2015-05-20 10:00:00
-60.5,-3.5,400.854362481033,0.626009851087709,2015-05-21 10:00:00
-60.5,-3.5,400.733155186089,0.620586667163482,2015-05-22 10:00:00
-60.5,-3.5,400.404415572066,0.620770101545495,2015-05-23 10:00:00
-60.5,-3.5,399.954851679638,0.622081963892163,2015-05-24 10:00:00
-60.5,-3.5,399.576805344613,0.640572354805792,2015-05-25 10:00:00
-60.5,-3.5,399.453287416575,0.660042703565011,2015-05-26 10:00:00
-60.5,-3.5,399.608956743467,0.660541028984622,2015-05-27 10:00:00
-60.5,-3.5,399.896245341929,0.65577215817084,2015-05-28 10:00:00
-60.5,-3.5,400.154733959141,0.629458788364458,2015-05-29 10:00:00
-60.5,-3.5,400.229461521965,0.601652025159545,2015-05-30 10:00:00
-60.5,-3.5,400.064266027883,0.572034524691249,2015-05-31 10:00:00
-60.5,-3.5,399.75530073305,0.560366992622761,2015-06-01 10:00:00
-60.5,-3.5,399.49381473827,0.578268083771233,2015-06-02 10:00:00
-60.5,-3.5,399.444020815148,0.608409641213084,2015-06-03 10:00:00
-60.5,-3.5,399.608133390467,0.624355807597124,2015-06-04 10:00:00
-60.5,-3.5,399.883228678515,0.597703792584319,2015-06-05 10:00:00
-60.5,-3.5,400.106158826687,0.565275531140562,2015-06-06 10:00:00
-60.5,-3.5,400.170130258224,0.580483089559025,2015-06-07 10:00:00
-60.5,-3.5,400.149917576216,0.633171245194076,2015-06-08 10:00:00
-60.5,-3.5,399.976532308103,0.672170745236097,2015-06-09 10:00:00
-60.5,-3.5,399.830406944072,0.661513155736507,2015-06-10 10:00:00
-60.5,-3.5,399.822725987697,0.627922691700615,2015-06-11 10:00:00
-60.5,-3.5,399.899483783833,0.597149221456029,2015-06-12 10:00:00
-60.5,-3.5,400.063059730852,0.588520351461781,2015-06-13 10:00:00
-60.5,-3.5,400.353869392752,0.615385373922793,2015-06-14 10:00:00
-60.5,-3.5,400.605709443308,0.632095573038504,2015-06-15 10:00:00
-60.5,-3.5,400.767335017802,0.623608218848979,2015-06-16 10:00:00
-60.5,-3.5,400.874535718004,0.601559342046884,2015-06-17 10:00:00
-60.5,-3.5,400.804113436947,0.585655437755758,2015-06-18 10:00:00
-60.5,-3.5,400.441660347941,0.597905029169344,2015-06-19 10:00:00
-60.5,-3.5,399.984396214533,0.612321450457196,2015-06-20 10:00:00
-60.5,-3.5,399.69704030734,0.604856050445621,2015-06-21 10:00:00
-60.5,-3.5,399.577613471812,0.585549866610451,2015-06-22 10:00:00
-60.5,-3.5,399.811166830836,0.563426280431977,2015-06-23 10:00:00
-60.5,-3.5,400.140594810392,0.539613720658033,2015-06-24 10:00:00
-60.5,-3.5,400.269439415104,0.523426951714189,2015-06-25 10:00:00
-60.5,-3.5,400.104500850399,0.52567680364092,2015-06-26 10:00:00
-60.5,-3.5,399.744164388884,0.530603696102931,2015-06-27 10:00:00
-60.5,-3.5,399.361231415264,0.526578381637719,2015-06-28 10:00:00
-60.5,-3.5,399.283327192556,0.518835455321276,2015-06-29 10:00:00
-60.5,-3.5,399.552370974587,0.530881771321901,2015-06-30 10:00:00
-60.5,-3.5,399.978695211875,0.54972450756486,2015-07-01 10:00:00
-60.5,-3.5,400.262411279131,0.589826114779193,2015-07-02 10:00:00
-60.5,-3.5,400.248356133372,0.633280739893868,2015-07-03 10:00:00
-60.5,-3.5,399.93025928559,0.651769414248774,2015-07-04 10:00:00
-60.5,-3.5,399.555385349616,0.631254769402715,2015-07-05 10:00:00
-60.5,-3.5,399.35133996648,0.607585185180018,2015-07-06 10:00:00
-60.5,-3.5,399.288100876779,0.62581064730417,2015-07-07 10:00:00
-60.5,-3.5,399.393723720967,0.656136808204933,2015-07-08 10:00:00
-60.5,-3.5,399.736102313573,0.668041165197973,2015-07-09 10:00:00
-60.5,-3.5,400.135190879103,0.651776481612777,2015-07-10 10:00:00
-60.5,-3.5,400.515304751515,0.635749892689043,2015-07-11 10:00:00
-60.5,-3.5,400.648957356112,0.615729565598118,2015-07-12 10:00:00
-60.5,-3.5,400.584099735047,0.595064406808237,2015-07-13 10:00:00
-60.5,-3.5,400.29004034221,0.546972657529178,2015-07-14 10:00:00
-60.5,-3.5,400.129060454406,0.523496125461879,2015-07-15 10:00:00
-60.5,-3.5,400.079412916704,0.549339199797127,2015-07-16 10:00:00
-60.5,-3.5,400.043882995931,0.592293170834384,2015-07-17 10:00:00
-60.5,-3.5,399.885222282553,0.59329896244236,2015-07-18 10:00:00
-60.5,-3.5,399.576148951493,0.564638143790212,2015-07-19 10:00:00
-60.5,-3.5,399.37554839637,0.550378623239469,2015-07-20 10:00:00
-60.5,-3.5,399.40753805516,0.545809483813038,2015-07-21 10:00:00
-60.5,-3.5,399.564145761131,0.54083488267773,2015-07-22 10:00:00
-60.5,-3.5,399.786802848648,0.551335020693977,2015-07-23 10:00:00
-60.5,-3.5,399.827331729993,0.562399108701974,2015-07-24 10:00:00
-60.5,-3.5,399.754072575394,0.561247902871119,2015-07-25 10:00:00
-60.5,-3.5,399.68463212745,0.563573952799428,2015-07-26 10:00:00
-60.5,-3.5,399.757700812711,0.596340432919343,2015-07-27 10:00:00
-60.5,-3.5,399.857907279249,0.663854833045537,2015-07-28 10:00:00
-60.5,-3.5,399.850166250177,0.703899678543804,2015-07-29 10:00:00
-60.5,-3.5,399.658085632617,0.653087958149578,2015-07-30 10:00:00
-60.5,-3.5,399.423047338668,0.582265329729729,2015-07-31 10:00:00
-60.5,-3.5,399.357009224203,0.560386763928363,2015-08-01 10:00:00
-60.5,-3.5,399.488926938237,0.565441467044967,2015-08-02 10:00:00
-60.5,-3.5,399.802437128343,0.575556027676007,2015-08-03 10:00:00
-60.5,-3.5,399.988184400203,0.56441736947476,2015-08-04 10:00:00
-60.5,-3.5,399.931629831142,0.542916300417222,2015-08-05 10:00:00
-60.5,-3.5,399.66644587512,0.523980058413875,2015-08-06 10:00:00
-60.5,-3.5,399.39150483167,0.523104711999053,2015-08-07 10:00:00
-60.5,-3.5,399.306762319605,0.540010690006402,2015-08-08 10:00:00
-60.5,-3.5,399.415920103373,0.557456884060397,2015-08-09 10:00:00
-60.5,-3.5,399.626773688874,0.575884285600721,2015-08-10 10:00:00
-60.5,-3.5,399.801935490186,0.576165864900947,2015-08-11 10:00:00
-60.5,-3.5,399.75153126936,0.572543041883729,2015-08-12 10:00:00
-60.5,-3.5,399.560745076356,0.563068228496477,2015-08-13 10:00:00
-60.5,-3.5,399.303761496225,0.554469539342884,2015-08-14 10:00:00
-60.5,-3.5,399.129078240698,0.536242773592067,2015-08-15 10:00:00
-60.5,-3.5,399.15756376473,0.514556262421192,2015-08-16 10:00:00
-60.5,-3.5,399.27884935441,0.54872062859705,2015-08-17 10:00:00
-60.5,-3.5,399.368284404075,0.604395864678424,2015-08-18 10:00:00
-60.5,-3.5,399.354843209912,0.642981743243231,2015-08-19 10:00:00
-60.5,-3.5,399.315895018422,0.649961951330317,2015-08-20 10:00:00
-60.5,-3.5,399.39847860152,0.618959302441184,2015-08-21 10:00:00
-60.5,-3.5,399.495586499061,0.562847164528017,2015-08-22 10:00:00
-60.5,-3.5,399.548908675728,0.539894406881222,2015-08-23 10:00:00
-60.5,-3.5,399.553647406351,0.581674165833065,2015-08-24 10:00:00
-60.5,-3.5,399.569361736225,0.629392979259278,2015-08-25 10:00:00
-60.5,-3.5,399.620886543976,0.619154252479706,2015-08-26 10:00:00
-60.5,-3.5,399.681994003003,0.580165521666834,2015-08-27 10:00:00
-60.5,-3.5,399.697953543501,0.568407979493711,2015-08-28 10:00:00
-60.5,-3.5,399.598177666049,0.578204890233432,2015-08-29 10:00:00
-60.5,-3.5,399.336819692006,0.574373406275743,2015-08-30 10:00:00
-60.5,-3.5,399.159488744527,0.582312567093159,2015-08-31 10:00:00
-60.5,-3.5,399.110869967201,0.598401091184551,2015-09-01 10:00:00
-60.5,-3.5,399.132108625472,0.594153504069226,2015-09-02 10:00:00
-60.5,-3.5,399.300592931882,0.572674124878323,2015-09-03 10:00:00
-60.5,-3.5,399.455427922111,0.570985504577344,2015-09-04 10:00:00
-60.5,-3.5,399.4394233162,0.565711408912838,2015-09-05 10:00:00
-60.5,-3.5,399.245386857243,0.547450841399653,2015-09-06 10:00:00
-60.5,-3.5,399.049810777459,0.529549770110852,2015-09-07 10:00:00
-60.5,-3.5,398.896310688483,0.514265429659658,2015-09-08 10:00:00
-60.5,-3.5,398.827164328472,0.504639478079698,2015-09-09 10:00:00
-60.5,-3.5,398.872502114044,0.504030120955532,2015-09-10 10:00:00
-60.5,-3.5,398.940948702895,0.528823635094484,2015-09-11 10:00:00
-60.5,-3.5,398.901538963227,0.551484465344059,2015-09-12 10:00:00
-60.5,-3.5,398.830438503817,0.558374508434157,2015-09-13 10:00:00
-60.5,-3.5,398.780101308253,0.575016217446925,2015-09-14 10:00:00
-60.5,-3.5,398.745172322489,0.578574112426209,2015-09-15 10:00:00
-60.5,-3.5,398.793410782806,0.54956985007891,2015-09-16 10:00:00
-60.5,-3.5,398.939110378691,0.514429792871289,2015-09-17 10:00:00
-60.5,-3.5,399.102109607194,0.505793158141523,2015-09-18 10:00:00
-60.5,-3.5,399.220822843116,0.517739459702123,2015-09-19 10:00:00
-60.5,-3.5,399.279068075243,0.521169745635462,2015-09-20 10:00:00
-60.5,-3.5,399.26553163008,0.525823788459843,2015-09-21 10:00:00
-60.5,-3.5,399.274898969534,0.531204932477352,2015-09-22 10:00:00
-60.5,-3.5,399.34301971689,0.532766280862788,2015-09-23 10:00:00
-60.5,-3.5,399.444289289529,0.532501226897661,2015-09-24 10:00:00
-60.5,-3.5,399.504072504455,0.545602957335138,2015-09-25 10:00:00
-60.5,-3.5,399.474297710911,0.598265623606609,2015-09-26 10:00:00
-60.5,-3.5,399.299100202856,0.687952658603452,2015-09-27 10:00:00
-60.5,-3.5,399.054871978554,0.80709055921334,2015-09-28 10:00:00
-60.5,-3.5,398.720900278042,0.940040517225732,2015-09-29 10:00:00
-60.5,-3.5,398.535483468789,1.02167667822235,2015-09-30 10:00:00
-60.5,-3.5,398.391841609554,1.06005492318004,2015-10-01 10:00:00
-60.5,-3.5,398.384590451988,1.05964951187069,2015-10-02 10:00:00
-60.5,-3.5,398.486078772568,1.04912400351829,2015-10-03 10:00:00
-60.5,-3.5,398.644462806607,1.00110977730529,2015-10-04 11:00:00
-60.5,-3.5,398.884809609225,0.924641589342685,2015-10-05 11:00:00
-60.5,-3.5,399.232743542208,0.693815428604582,2015-10-07 11:00:00
-60.5,-3.5,399.17560113134,0.63476409646014,2015-10-08 11:00:00
-60.5,-3.5,399.048537410274,0.597127856421558,2015-10-09 11:00:00
-60.5,-3.5,399.003231474264,0.595024158543172,2015-10-10 11:00:00
-60.5,-3.5,399.12939899681,0.58733412638551,2015-10-11 11:00:00
-60.5,-3.5,399.461561584788,0.571258409222897,2015-10-12 11:00:00
-60.5,-3.5,399.809086420362,0.540754060078591,2015-10-13 11:00:00
-60.5,-3.5,400.056017421488,0.531921612341628,2015-10-14 11:00:00
-60.5,-3.5,400.066969166181,0.541255334170614,2015-10-15 11:00:00
-60.5,-3.5,399.944906023709,0.551117680600146,2015-10-16 11:00:00
-60.5,-3.5,399.795189155052,0.562439802555557,2015-10-17 11:00:00
-60.5,-3.5,399.760696430364,0.572936116241825,2015-10-18 11:00:00
-60.5,-3.5,399.779601431533,0.568373269508476,2015-10-19 11:00:00
-60.5,-3.5,399.798756080731,0.557500115710391,2015-10-20 11:00:00
-60.5,-3.5,399.756655808433,0.54454957794494,2015-10-21 11:00:00
-60.5,-3.5,399.648229167473,0.547186365522033,2015-10-22 11:00:00
-60.5,-3.5,399.542993473725,0.572680722975881,2015-10-23 11:00:00
-60.5,-3.5,399.452330705359,0.630008901501779,2015-10-24 11:00:00
-60.5,-3.5,399.377708307897,0.707680145115893,2015-10-25 11:00:00
-60.5,-3.5,399.276052825828,0.812433863505654,2015-10-26 11:00:00
-60.5,-3.5,399.139777091382,0.891495819673725,2015-10-27 11:00:00
-60.5,-3.5,399.037527547725,0.920180273147723,2015-10-28 11:00:00
-60.5,-3.5,398.891941587403,0.938928261951777,2015-10-29 11:00:00
-60.5,-3.5,398.973274320558,0.930282087339733,2015-10-30 11:00:00
-60.5,-3.5,399.06647881245,0.900410448161473,2015-10-31 11:00:00
-60.5,-3.5,399.25118382966,0.828507769948616,2015-11-01 11:00:00
-60.5,-3.5,399.501195607006,0.752191658596622,2015-11-02 11:00:00
-60.5,-3.5,399.769331304639,0.686688695196632,2015-11-03 11:00:00
-60.5,-3.5,400.037930630532,0.660327589511123,2015-11-04 11:00:00
-60.5,-3.5,400.277412191198,0.626584175319568,2015-11-05 11:00:00
-60.5,-3.5,400.467690217695,0.580365036570416,2015-11-06 11:00:00
-60.5,-3.5,400.581979635894,0.538680867235824,2015-11-07 11:00:00
-60.5,-3.5,400.585411265075,0.520288635698694,2015-11-08 11:00:00
-60.5,-3.5,400.5419352076,0.51647617702014,2015-11-09 11:00:00
-60.5,-3.5,400.485911238422,0.525072575747874,2015-11-10 11:00:00
-60.5,-3.5,400.44627450501,0.546707092035447,2015-11-11 11:00:00
-60.5,-3.5,400.436627815218,0.57455099910554,2015-11-12 11:00:00
-60.5,-3.5,400.41330137928,0.581579184797641,2015-11-13 11:00:00
-60.5,-3.5,400.313182756206,0.587777891781716,2015-11-14 11:00:00
-60.5,-3.5,400.11609061974,0.596817204420507,2015-11-15 11:00:00
-60.5,-3.5,399.818198896629,0.583630137014975,2015-11-16 11:00:00
-60.5,-3.5,399.590522445235,0.559929381666474,2015-11-17 11:00:00
-60.5,-3.5,399.502953779993,0.546379724083373,2015-11-18 11:00:00
-60.5,-3.5,399.501426422597,0.552510010941035,2015-11-19 11:00:00
-60.5,-3.5,399.589349389564,0.562263844824531,2015-11-20 11:00:00
-60.5,-3.5,399.620780734347,0.563330026544576,2015-11-21 11:00:00
-60.5,-3.5,399.563375566669,0.563123525188146,2015-11-22 11:00:00
-60.5,-3.5,399.49583875795,0.577613584147248,2015-11-23 11:00:00
-60.5,-3.5,399.547410824469,0.602348040779625,2015-11-24 11:00:00
-60.5,-3.5,399.732200097985,0.624682105899285,2015-11-25 11:00:00
-60.5,-3.5,399.94643706436,0.627981048403016,2015-11-26 11:00:00
-60.5,-3.5,400.124779651555,0.619752832233911,2015-11-27 11:00:00
-60.5,-3.5,400.148543119118,0.624286230891321,2015-11-28 11:00:00
-60.5,-3.5,400.073769931944,0.639671913821065,2015-11-29 11:00:00
-60.5,-3.5,400.021892682067,0.639145621481095,2015-11-30 11:00:00
-60.5,-3.5,400.118103431598,0.632518365969326,2015-12-01 11:00:00
-60.5,-3.5,400.317113848934,0.630190420857706,2015-12-02 11:00:00
-60.5,-3.5,400.509302463475,0.624825765645947,2015-12-03 11:00:00
-60.5,-3.5,400.572566013024,0.624656592134622,2015-12-04 11:00:00
-60.5,-3.5,400.52557681069,0.639461273421622,2015-12-05 11:00:00
-60.5,-3.5,400.427136934104,0.651637827653808,2015-12-06 11:00:00
-60.5,-3.5,400.374058910888,0.646050120740167,2015-12-07 11:00:00
-60.5,-3.5,400.376529019247,0.626701316079325,2015-12-08 11:00:00
-60.5,-3.5,400.406783783609,0.626124045328103,2015-12-09 11:00:00
-60.5,-3.5,400.382144462747,0.630801329784769,2015-12-10 11:00:00
-60.5,-3.5,400.238900102548,0.612484583562654,2015-12-11 11:00:00
-60.5,-3.5,400.103313797006,0.590906993376891,2015-12-12 11:00:00
-60.5,-3.5,400.082691186232,0.594086269572444,2015-12-13 11:00:00
-60.5,-3.5,400.161961948189,0.616909222753714,2015-12-14 11:00:00
-60.5,-3.5,400.273520458038,0.626417879558348,2015-12-15 11:00:00
-60.5,-3.5,400.339665151943,0.615293367645207,2015-12-16 11:00:00
-60.5,-3.5,400.243034805046,0.60025465942561,2015-12-17 11:00:00
-60.5,-3.5,400.079245404674,0.592027896763511,2015-12-18 11:00:00
-60.5,-3.5,400.003317324883,0.606606446622895,2015-12-19 11:00:00
-60.5,-3.5,400.112898623692,0.618949588059036,2015-12-20 11:00:00
-60.5,-3.5,400.370352843821,0.607953471643884,2015-12-21 11:00:00
-60.5,-3.5,400.717980426131,0.590575154189997,2015-12-22 11:00:00
-60.5,-3.5,400.976688645092,0.590901439149371,2015-12-23 11:00:00
-60.5,-3.5,401.029783783999,0.608052421060064,2015-12-24 11:00:00
-60.5,-3.5,400.891067178357,0.62225888573739,2015-12-25 11:00:00
-60.5,-3.5,400.685129583349,0.616867437029047,2015-12-26 11:00:00
-60.5,-3.5,400.529558909339,0.624176023220926,2015-12-27 11:00:00
-60.5,-3.5,400.467665359657,0.667127398411328,2015-12-28 11:00:00
-60.5,-3.5,400.470326775492,0.728845224340961,2015-12-29 11:00:00
-60.5,-3.5,400.429407343926,0.790723124268288,2015-12-30 11:00:00
-60.5,-3.5,400.303742862506,0.89906090139436,2015-12-31 11:00:00
-60.5,-3.5,402.334658007169,1.00390007418194,2016-02-01 11:00:00
-60.5,-3.5,402.460261903376,0.925727265703187,2016-02-02 11:00:00
-60.5,-3.5,402.438664517623,0.820713677285515,2016-02-03 11:00:00
-60.5,-3.5,402.362849781086,0.735578346287348,2016-02-04 11:00:00
-60.5,-3.5,402.284037623329,0.670454123491214,2016-02-05 11:00:00
-60.5,-3.5,402.342697793586,0.62470122573026,2016-02-06 11:00:00
-60.5,-3.5,402.4406729311,0.593663051826155,2016-02-07 11:00:00
-60.5,-3.5,402.577783592483,0.593349803275382,2016-02-08 11:00:00
-60.5,-3.5,402.641646009101,0.626266212831839,2016-02-09 11:00:00
-60.5,-3.5,402.535306681512,0.661579675883223,2016-02-10 11:00:00
-60.5,-3.5,402.376545752145,0.692381641531932,2016-02-11 11:00:00
-60.5,-3.5,402.218529868822,0.688274332734419,2016-02-12 11:00:00
-60.5,-3.5,402.139106721828,0.658524623938588,2016-02-13 11:00:00
-60.5,-3.5,402.046858646383,0.607293672146589,2016-02-14 11:00:00
-60.5,-3.5,401.935158888192,0.554915773976899,2016-02-15 11:00:00
-60.5,-3.5,401.819172705365,0.514387992745095,2016-02-16 11:00:00
-60.5,-3.5,401.688703214523,0.515609715340179,2016-02-17 11:00:00
-60.5,-3.5,401.572452166863,0.568283713250451,2016-02-18 11:00:00
-60.5,-3.5,401.493570391024,0.637496202730064,2016-02-19 11:00:00
-60.5,-3.5,401.292342262467,0.665618975502777,2016-02-20 11:00:00
-60.5,-3.5,401.162211589384,0.695724402906698,2016-02-21 11:00:00
-60.5,-3.5,401.155796441749,0.730132644625024,2016-02-22 11:00:00
-60.5,-3.5,401.26893998119,0.747542244520176,2016-02-23 11:00:00
-60.5,-3.5,401.441027227185,0.756971079795459,2016-02-24 11:00:00
-60.5,-3.5,401.666300967612,0.741187863682937,2016-02-25 11:00:00
-60.5,-3.5,401.826391916102,0.70427199279193,2016-02-26 11:00:00
-60.5,-3.5,401.858717908374,0.661255722070351,2016-02-27 11:00:00
-60.5,-3.5,401.907548126004,0.650408327042996,2016-02-28 11:00:00
-60.5,-3.5,402.00607566201,0.670993002098524,2016-02-29 11:00:00
-60.5,-3.5,402.091715862171,0.694366518393343,2016-03-01 11:00:00
-60.5,-3.5,402.208365082442,0.686042126115269,2016-03-02 11:00:00
-60.5,-3.5,402.308816896181,0.657740136989437,2016-03-03 11:00:00
-60.5,-3.5,402.403338177868,0.647146049903928,2016-03-04 11:00:00
-60.5,-3.5,402.458878449995,0.673892291189773,2016-03-05 11:00:00
-60.5,-3.5,402.523338528161,0.706354298089942,2016-03-06 11:00:00
-60.5,-3.5,402.61206207798,0.72004839634345,2016-03-07 11:00:00
-60.5,-3.5,402.580528133452,0.689976448823463,2016-03-08 11:00:00
-60.5,-3.5,402.613585657508,0.66235363543668,2016-03-09 11:00:00
-60.5,-3.5,402.549105755905,0.639159375341418,2016-03-10 11:00:00
-60.5,-3.5,402.393646572034,0.6340495788671,2016-03-11 11:00:00
-60.5,-3.5,402.121431516188,0.642800555007138,2016-03-12 11:00:00
-60.5,-3.5,401.810580091736,0.644329629621133,2016-03-13 11:00:00
-60.5,-3.5,401.625163224861,0.616945179454054,2016-03-14 11:00:00
-60.5,-3.5,401.642517090429,0.566695637450139,2016-03-15 11:00:00
-60.5,-3.5,401.748010058893,0.536479779229694,2016-03-16 11:00:00
-60.5,-3.5,401.858642518192,0.565271335691814,2016-03-17 11:00:00
-60.5,-3.5,401.912054985387,0.612272408636753,2016-03-18 11:00:00
-60.5,-3.5,401.869292671105,0.618653798229762,2016-03-19 11:00:00
-60.5,-3.5,401.82202430024,0.606715144636859,2016-03-20 11:00:00
-60.5,-3.5,401.855105602778,0.626845282574926,2016-03-21 11:00:00
-60.5,-3.5,401.92085181937,0.689629732360037,2016-03-22 11:00:00
-60.5,-3.5,402.007929455857,0.76580157940657,2016-03-23 11:00:00
-60.5,-3.5,402.189335524132,0.832816825894972,2016-03-24 11:00:00
-60.5,-3.5,402.430044800222,0.883838690545847,2016-03-25 11:00:00
-60.5,-3.5,402.5419627103,0.944178278277258,2016-03-26 11:00:00
-60.5,-3.5,402.519747260308,1.00330589869569,2016-03-27 11:00:00
-60.5,-3.5,402.346364677149,1.13477452915101,2016-03-28 11:00:00
-60.5,-3.5,402.252222584335,1.28494660422332,2016-03-29 11:00:00
-60.5,-3.5,402.019844765726,1.38307309611637,2016-03-30 11:00:00
-60.5,-3.5,402.2654073314,1.40748346517844,2016-03-31 11:00:00
-60.5,-3.5,402.435971506612,1.36132436142906,2016-04-01 11:00:00
-60.5,-3.5,402.696525832317,1.19802404757728,2016-04-02 11:00:00
-60.5,-3.5,402.75405681581,0.966129926522853,2016-04-03 10:00:00
-60.5,-3.5,402.833641416007,0.843933176473948,2016-04-04 10:00:00
-60.5,-3.5,402.855353147949,0.773125548514262,2016-04-05 10:00:00
-60.5,-3.5,402.893556870611,0.709715306734623,2016-04-06 10:00:00
-60.5,-3.5,402.933396371649,0.66049183584012,2016-04-07 10:00:00
-60.5,-3.5,403.005544148495,0.632138529415515,2016-04-08 10:00:00
-60.5,-3.5,403.038581558339,0.668457214038045,2016-04-09 10:00:00
-60.5,-3.5,402.932289502236,0.70420220647503,2016-04-10 10:00:00
-60.5,-3.5,402.853574928906,0.727894843438584,2016-04-11 10:00:00
-60.5,-3.5,402.817515128079,0.731078456839337,2016-04-12 10:00:00
-60.5,-3.5,402.885926576887,0.699289931061128,2016-04-13 10:00:00
-60.5,-3.5,402.993615280462,0.655724803961966,2016-04-14 10:00:00
-60.5,-3.5,403.004235359165,0.640845201880201,2016-04-15 10:00:00
-60.5,-3.5,403.000319297155,0.659773307597107,2016-04-16 10:00:00
-60.5,-3.5,402.985640830377,0.677633597617073,2016-04-17 10:00:00
-60.5,-3.5,402.914585870366,0.673005596155208,2016-04-18 10:00:00
-60.5,-3.5,402.792320688258,0.676534186071747,2016-04-19 10:00:00
-60.5,-3.5,402.652513830983,0.6763819724673,2016-04-20 10:00:00
-60.5,-3.5,402.514585145789,0.680422229373708,2016-04-21 10:00:00
-60.5,-3.5,402.495700633372,0.700049202500247,2016-04-22 10:00:00
-60.5,-3.5,402.601713924756,0.698926891040546,2016-04-23 10:00:00
-60.5,-3.5,402.86859393264,0.669830053084032,2016-04-24 10:00:00
-60.5,-3.5,403.027904645358,0.646189435661646,2016-04-25 10:00:00
-60.5,-3.5,402.946056334286,0.653739491181595,2016-04-26 10:00:00
-60.5,-3.5,402.545434215415,0.673216332102753,2016-04-27 10:00:00
-60.5,-3.5,401.960250642633,0.682725922062215,2016-04-28 10:00:00
-60.5,-3.5,401.495029091482,0.69149692266993,2016-04-29 10:00:00
-60.5,-3.5,401.369833292073,0.690070696784109,2016-04-30 10:00:00
-60.5,-3.5,401.490658904361,0.670446208050095,2016-05-01 10:00:00
-60.5,-3.5,401.720309455584,0.660641267902267,2016-05-02 10:00:00
-60.5,-3.5,401.918501920342,0.669773311813531,2016-05-03 10:00:00
-60.5,-3.5,402.064120257052,0.694071751004146,2016-05-04 10:00:00
-60.5,-3.5,402.13953487812,0.704911309634179,2016-05-05 10:00:00
-60.5,-3.5,402.236551959465,0.696555401986013,2016-05-06 10:00:00
-60.5,-3.5,402.368184894265,0.688613400672472,2016-05-07 10:00:00
-60.5,-3.5,402.490009677376,0.668221839758623,2016-05-08 10:00:00
-60.5,-3.5,402.613818540777,0.655213404487175,2016-05-09 10:00:00
-60.5,-3.5,402.668070096403,0.661451943620186,2016-05-10 10:00:00
-60.5,-3.5,402.695479768552,0.677452678366415,2016-05-11 10:00:00
-60.5,-3.5,402.695905963528,0.658966714133507,2016-05-12 10:00:00
-60.5,-3.5,402.743131690282,0.586041594166896,2016-05-13 10:00:00
-60.5,-3.5,402.80790414621,0.533917599455894,2016-05-14 10:00:00
-60.5,-3.5,402.921038798055,0.549698482104172,2016-05-15 10:00:00
-60.5,-3.5,403.059674580783,0.601950969004595,2016-05-16 10:00:00
-60.5,-3.5,403.217166707403,0.664006865832613,2016-05-17 10:00:00
-60.5,-3.5,403.400424747008,0.679087148480523,2016-05-18 10:00:00
-60.5,-3.5,403.514814152151,0.64066321891406,2016-05-19 10:00:00
-60.5,-3.5,403.468470626059,0.562581973807383,2016-05-20 10:00:00
-60.5,-3.5,403.329401101668,0.521693552150785,2016-05-21 10:00:00
-60.5,-3.5,403.079734477296,0.529527036926682,2016-05-22 10:00:00
-60.5,-3.5,402.769939540984,0.558515980852948,2016-05-23 10:00:00
-60.5,-3.5,402.591044446132,0.600936727236095,2016-05-24 10:00:00
-60.5,-3.5,402.502429589691,0.61564194435677,2016-05-25 10:00:00
-60.5,-3.5,402.482203409355,0.603399809453783,2016-05-26 10:00:00
-60.5,-3.5,402.448910198874,0.599262254200796,2016-05-27 10:00:00
-60.5,-3.5,402.484696156025,0.652442288260877,2016-05-28 10:00:00
-60.5,-3.5,402.543342842621,0.706349131713065,2016-05-29 10:00:00
-60.5,-3.5,402.657638196109,0.739180427340919,2016-05-30 10:00:00
-60.5,-3.5,402.957247668333,0.724930328728013,2016-05-31 10:00:00
-60.5,-3.5,403.350059552462,0.716240822387101,2016-06-01 10:00:00
-60.5,-3.5,403.692984639021,0.681988523146986,2016-06-02 10:00:00
-60.5,-3.5,403.887145127881,0.632928216443349,2016-06-03 10:00:00
-60.5,-3.5,403.902309746232,0.593833405042719,2016-06-04 10:00:00
-60.5,-3.5,403.759503693547,0.589910269077608,2016-06-05 10:00:00
-60.5,-3.5,403.612609367783,0.614330230663106,2016-06-06 10:00:00
-60.5,-3.5,403.508518642501,0.666490964067795,2016-06-07 10:00:00
-60.5,-3.5,403.501063185856,0.697528163750302,2016-06-08 10:00:00
-60.5,-3.5,403.453335065121,0.669539102271049,2016-06-09 10:00:00
-60.5,-3.5,403.351270874348,0.616816642639168,2016-06-10 10:00:00
-60.5,-3.5,403.344180463902,0.576203158316542,2016-06-11 10:00:00
-60.5,-3.5,403.414479152973,0.535622936889368,2016-06-12 10:00:00
-60.5,-3.5,403.580046271687,0.486400986261121,2016-06-13 10:00:00
-60.5,-3.5,403.760989588353,0.476374265955101,2016-06-14 10:00:00
-60.5,-3.5,403.821737102906,0.488030147269936,2016-06-15 10:00:00
-60.5,-3.5,403.771307778004,0.490858977098507,2016-06-16 10:00:00
-60.5,-3.5,403.668873645297,0.48819503736779,2016-06-17 10:00:00
-60.5,-3.5,403.620031149462,0.504736854300946,2016-06-18 10:00:00
-60.5,-3.5,403.569055448239,0.51497159016821,2016-06-19 10:00:00
-60.5,-3.5,403.512738147394,0.510208706929904,2016-06-20 10:00:00
-60.5,-3.5,403.541084463764,0.51437237229971,2016-06-21 10:00:00
-60.5,-3.5,403.552795284068,0.528191533581079,2016-06-22 10:00:00
-60.5,-3.5,403.600362281787,0.540601924125789,2016-06-23 10:00:00
-60.5,-3.5,403.661715881863,0.547523504406952,2016-06-24 10:00:00
-60.5,-3.5,403.764226394133,0.555303251349305,2016-06-25 10:00:00
-60.5,-3.5,403.75625030872,0.543654157672969,2016-06-26 10:00:00
-60.5,-3.5,403.648842903241,0.530156792303267,2016-06-27 10:00:00
-60.5,-3.5,403.480017592104,0.529554808184154,2016-06-28 10:00:00
-60.5,-3.5,403.245610324784,0.539838116440724,2016-06-29 10:00:00
-60.5,-3.5,403.166950862273,0.539000185548879,2016-06-30 10:00:00
-60.5,-3.5,403.261843729591,0.525300458600181,2016-07-01 10:00:00
-60.5,-3.5,403.446877733687,0.530799858933737,2016-07-02 10:00:00
-60.5,-3.5,403.519713933688,0.564596988404873,2016-07-03 10:00:00
-60.5,-3.5,403.471601574099,0.584582818829713,2016-07-04 10:00:00
-60.5,-3.5,403.384097349811,0.592901071990386,2016-07-05 10:00:00
-60.5,-3.5,403.369591793599,0.59657436132921,2016-07-06 10:00:00
-60.5,-3.5,403.40846403755,0.590344448068542,2016-07-07 10:00:00
-60.5,-3.5,403.493104991559,0.575790083882394,2016-07-08 10:00:00
-60.5,-3.5,403.544533231897,0.57757391736485,2016-07-09 10:00:00
-60.5,-3.5,403.534225823227,0.598757794168334,2016-07-10 10:00:00
-60.5,-3.5,403.553755982531,0.610029621623521,2016-07-11 10:00:00
-60.5,-3.5,403.624081446414,0.606617779406671,2016-07-12 10:00:00
-60.5,-3.5,403.689088379164,0.589888328694437,2016-07-13 10:00:00
-60.5,-3.5,403.777476389414,0.544274801071327,2016-07-14 10:00:00
-60.5,-3.5,403.877686513446,0.491470734264109,2016-07-15 10:00:00
-60.5,-3.5,403.884457750117,0.475560909077702,2016-07-16 10:00:00
-60.5,-3.5,403.762234603084,0.476479720696699,2016-07-17 10:00:00
-60.5,-3.5,403.476450653452,0.477438647381522,2016-07-18 10:00:00
-60.5,-3.5,403.157126353166,0.481802521723258,2016-07-19 10:00:00
-60.5,-3.5,403.024945425131,0.516352924237311,2016-07-20 10:00:00
-60.5,-3.5,403.147497673143,0.545106284124451,2016-07-21 10:00:00
-60.5,-3.5,403.28387153797,0.528293954522764,2016-07-22 10:00:00
-60.5,-3.5,403.392700818886,0.4940353184688,2016-07-23 10:00:00
-60.5,-3.5,403.387408101695,0.481291447386706,2016-07-24 10:00:00
-60.5,-3.5,403.229841523468,0.498692351076523,2016-07-25 10:00:00
-60.5,-3.5,403.097009392729,0.522997879955558,2016-07-26 10:00:00
-60.5,-3.5,403.11504048306,0.554789707335957,2016-07-27 10:00:00
-60.5,-3.5,403.056962273945,0.570328854743885,2016-07-28 10:00:00
-60.5,-3.5,402.950946003529,0.579197425572244,2016-07-29 10:00:00
-60.5,-3.5,402.81239245574,0.602482242175943,2016-07-30 10:00:00
-60.5,-3.5,402.736065487025,0.61155676944008,2016-07-31 10:00:00
-60.5,-3.5,402.708215711679,0.571989476041253,2016-08-01 10:00:00
-60.5,-3.5,402.807287360663,0.53441823990863,2016-08-02 10:00:00
-60.5,-3.5,402.916726230717,0.553832947604489,2016-08-03 10:00:00
-60.5,-3.5,402.805577078847,0.58737878820522,2016-08-04 10:00:00
-60.5,-3.5,402.636899507033,0.572620855462614,2016-08-05 10:00:00
-60.5,-3.5,402.583332357734,0.539334158256273,2016-08-06 10:00:00
-60.5,-3.5,402.747233294086,0.544516999500909,2016-08-07 10:00:00
-60.5,-3.5,402.982276732373,0.562647075497952,2016-08-08 10:00:00
-60.5,-3.5,402.977715804954,0.625593796561722,2016-08-09 10:00:00
-60.5,-3.5,402.75095152285,0.888612066072515,2016-08-10 10:00:00
-60.5,-3.5,401.383170784325,1.7300522177032,2016-08-13 10:00:00
-60.5,-3.5,401.193430017328,1.77808967670779,2016-08-14 10:00:00
-60.5,-3.5,401.107357507598,1.764204786627,2016-08-15 10:00:00
-60.5,-3.5,401.06248283512,1.71197627171347,2016-08-16 10:00:00
-60.5,-3.5,401.152115094959,1.68367168732215,2016-08-17 10:00:00
-60.5,-3.5,401.972645375152,0.74488986339524,2016-08-21 10:00:00
-60.5,-3.5,402.179844133764,0.626179881946461,2016-08-22 10:00:00
-60.5,-3.5,402.340445935279,0.539124224759381,2016-08-23 10:00:00
-60.5,-3.5,402.522176145959,0.540388603845935,2016-08-24 10:00:00
-60.5,-3.5,402.727886768161,0.567127919090979,2016-08-25 10:00:00
-60.5,-3.5,402.794903306308,0.597477873354347,2016-08-26 10:00:00
-60.5,-3.5,402.63804939412,0.610244127247389,2016-08-27 10:00:00
-60.5,-3.5,402.348880335928,0.626166398483829,2016-08-28 10:00:00
-60.5,-3.5,401.954086707967,0.627836945237977,2016-08-29 10:00:00
-60.5,-3.5,401.607677623398,0.608772094202197,2016-08-30 10:00:00
-60.5,-3.5,401.514030903608,0.597941172063624,2016-08-31 10:00:00
-60.5,-3.5,401.604126397632,0.618108260430404,2016-09-01 10:00:00
-60.5,-3.5,401.844853700779,0.640721931856868,2016-09-02 10:00:00
-60.5,-3.5,402.176890876525,0.634850506807778,2016-09-03 10:00:00
-60.5,-3.5,402.468533311888,0.605830707362632,2016-09-04 10:00:00
-60.5,-3.5,402.601987831085,0.574755999323308,2016-09-05 10:00:00
-60.5,-3.5,402.488544757437,0.547229657022631,2016-09-06 10:00:00
-60.5,-3.5,402.183993702043,0.527812185996984,2016-09-07 10:00:00
-60.5,-3.5,401.843677229993,0.525851020427364,2016-09-08 10:00:00
-60.5,-3.5,401.598439722567,0.536592544637447,2016-09-09 10:00:00
-60.5,-3.5,401.533183773473,0.547301250451369,2016-09-10 10:00:00
-60.5,-3.5,401.605564015381,0.561038738201183,2016-09-11 10:00:00
-60.5,-3.5,401.619808666573,0.580011910792721,2016-09-12 10:00:00
-60.5,-3.5,401.484167998078,0.581439873999706,2016-09-13 10:00:00
-60.5,-3.5,401.27739318143,0.566795268105028,2016-09-14 10:00:00
-60.5,-3.5,401.208762416454,0.561080909245436,2016-09-15 10:00:00
-60.5,-3.5,401.301206195908,0.551093993850473,2016-09-16 10:00:00
-60.5,-3.5,401.553942263933,0.527588065835384,2016-09-17 10:00:00
-60.5,-3.5,401.806821213132,0.507623562652531,2016-09-18 10:00:00
-60.5,-3.5,401.922593306491,0.511748837350082,2016-09-19 10:00:00
-60.5,-3.5,401.912089030045,0.513477515510626,2016-09-20 10:00:00
-60.5,-3.5,401.90432481025,0.512868830626292,2016-09-21 10:00:00
-60.5,-3.5,401.956028899673,0.53006745702531,2016-09-22 10:00:00
-60.5,-3.5,402.036842737456,0.550746983666008,2016-09-23 10:00:00
-60.5,-3.5,402.085584132668,0.541105236201182,2016-09-24 10:00:00
-60.5,-3.5,402.095778815895,0.494452424054831,2016-09-25 10:00:00
-60.5,-3.5,402.070463241618,0.457740987072002,2016-09-26 10:00:00
-60.5,-3.5,402.12367774099,0.466112288041383,2016-09-27 10:00:00
-60.5,-3.5,402.276356712151,0.504286180595431,2016-09-28 10:00:00
-60.5,-3.5,402.4452906849,0.551523616710981,2016-09-29 10:00:00
-60.5,-3.5,402.580625029281,0.598300244617709,2016-09-30 10:00:00
-60.5,-3.5,402.572382464912,0.614371262240991,2016-10-01 10:00:00
-60.5,-3.5,402.442676201857,0.615139822414016,2016-10-02 11:00:00
-60.5,-3.5,402.218185758306,0.60146636632329,2016-10-03 11:00:00
-60.5,-3.5,402.025693735676,0.577749441392124,2016-10-04 11:00:00
-60.5,-3.5,401.880188310963,0.541750209742985,2016-10-05 11:00:00
-60.5,-3.5,401.860554563776,0.526182534647413,2016-10-06 11:00:00
-60.5,-3.5,401.890631801556,0.533881052007472,2016-10-07 11:00:00
-60.5,-3.5,402.032547096107,0.559787608733507,2016-10-08 11:00:00
-60.5,-3.5,402.10433161604,0.578418745223416,2016-10-09 11:00:00
-60.5,-3.5,402.09905501604,0.585217153507779,2016-10-10 11:00:00
-60.5,-3.5,402.038873507475,0.579314835440585,2016-10-11 11:00:00
-60.5,-3.5,401.944700732807,0.569654707430385,2016-10-12 11:00:00
-60.5,-3.5,401.916414452606,0.561447015099175,2016-10-13 11:00:00
-60.5,-3.5,402.027462793056,0.55718632140772,2016-10-14 11:00:00
-60.5,-3.5,402.173003848457,0.541254163110463,2016-10-15 11:00:00
-60.5,-3.5,402.300599555859,0.51871930403935,2016-10-16 11:00:00
-60.5,-3.5,402.333763494032,0.520314841375094,2016-10-17 11:00:00
-60.5,-3.5,402.272281711065,0.528327597326185,2016-10-18 11:00:00
-60.5,-3.5,402.191477454286,0.529799605568574,2016-10-19 11:00:00
-60.5,-3.5,402.111704017978,0.526092197402413,2016-10-20 11:00:00
-60.5,-3.5,402.098589548336,0.531314796177023,2016-10-21 11:00:00
-60.5,-3.5,402.121713617629,0.538713402187811,2016-10-22 11:00:00
-60.5,-3.5,402.112508433677,0.541386888248006,2016-10-23 11:00:00
-60.5,-3.5,402.066590855298,0.548727795239457,2016-10-24 11:00:00
-60.5,-3.5,401.928601792283,0.567065689187899,2016-10-25 11:00:00
-60.5,-3.5,401.731008862498,0.575139646514095,2016-10-26 11:00:00
-60.5,-3.5,401.535482460762,0.575748386464179,2016-10-27 11:00:00
-60.5,-3.5,401.449279589383,0.585398590509357,2016-10-28 11:00:00
-60.5,-3.5,401.526264179918,0.593611727832895,2016-10-29 11:00:00
-60.5,-3.5,401.74490864745,0.587779602639672,2016-10-30 11:00:00
-60.5,-3.5,402.024428181918,0.581721478696697,2016-10-31 11:00:00
-60.5,-3.5,402.234665968036,0.586138845652448,2016-11-01 11:00:00
-60.5,-3.5,402.219371790538,0.589004683706482,2016-11-02 11:00:00
-60.5,-3.5,401.984075357589,0.596354183264703,2016-11-03 11:00:00
-60.5,-3.5,401.658281928012,0.602689517485151,2016-11-04 11:00:00
-60.5,-3.5,401.412299785902,0.601125167433914,2016-11-05 11:00:00
-60.5,-3.5,401.361026523467,0.584472585453877,2016-11-06 11:00:00
-60.5,-3.5,401.452438289637,0.587995912289653,2016-11-07 11:00:00
-60.5,-3.5,401.589518744277,0.621864546352127,2016-11-08 11:00:00
-60.5,-3.5,401.670068234272,0.654071223401617,2016-11-09 11:00:00
-60.5,-3.5,401.707079210146,0.653857778878364,2016-11-10 11:00:00
-60.5,-3.5,401.767429791563,0.639030491670356,2016-11-11 11:00:00
-60.5,-3.5,401.845737214894,0.624075088099118,2016-11-12 11:00:00
-60.5,-3.5,401.94475552323,0.6073899234654,2016-11-13 11:00:00
-60.5,-3.5,401.99870838427,0.607237065996295,2016-11-14 11:00:00
-60.5,-3.5,401.993717756314,0.618391338145845,2016-11-15 11:00:00
-60.5,-3.5,401.922085883121,0.634411491096095,2016-11-16 11:00:00
-60.5,-3.5,401.84606513644,0.644585163265858,2016-11-17 11:00:00
-60.5,-3.5,401.767382616772,0.656458135655235,2016-11-18 11:00:00
-60.5,-3.5,401.786763346712,0.666417391580402,2016-11-19 11:00:00
-60.5,-3.5,401.909223884898,0.657449132916293,2016-11-20 11:00:00
-60.5,-3.5,402.025844209538,0.642709586704537,2016-11-21 11:00:00
-60.5,-3.5,402.138801619203,0.635396010956466,2016-11-22 11:00:00
-60.5,-3.5,402.156668189018,0.637384470398967,2016-11-23 11:00:00
-60.5,-3.5,402.076660032916,0.636050576961537,2016-11-24 11:00:00
-60.5,-3.5,402.028409926831,0.628210090467789,2016-11-25 11:00:00
-60.5,-3.5,402.056039280449,0.615488247760702,2016-11-26 11:00:00
-60.5,-3.5,402.112705884596,0.600517358178857,2016-11-27 11:00:00
-60.5,-3.5,402.171471027415,0.59220879318118,2016-11-28 11:00:00
-60.5,-3.5,402.317621182369,0.610174774511223,2016-11-29 11:00:00
-60.5,-3.5,402.491637256464,0.625990919145331,2016-11-30 11:00:00
-60.5,-3.5,402.609917375139,0.628251804986655,2016-12-01 11:00:00
-60.5,-3.5,402.736653337521,0.622252004327004,2016-12-02 11:00:00
-60.5,-3.5,402.735183516973,0.627460150449773,2016-12-03 11:00:00
-60.5,-3.5,402.569558553688,0.623120108595303,2016-12-04 11:00:00
-60.5,-3.5,402.438369313274,0.614487879156225,2016-12-05 11:00:00
-60.5,-3.5,402.366498020649,0.612586220736282,2016-12-06 11:00:00
-60.5,-3.5,402.305310150336,0.608659384021146,2016-12-07 11:00:00
-60.5,-3.5,402.239664520644,0.616456817032091,2016-12-08 11:00:00
-60.5,-3.5,402.135297734848,0.618147032538015,2016-12-09 11:00:00
-60.5,-3.5,401.999901544314,0.623896756488197,2016-12-10 11:00:00
-60.5,-3.5,401.916709982256,0.620778805768127,2016-12-11 11:00:00
-60.5,-3.5,402.025941748011,0.623354338000504,2016-12-12 11:00:00
-60.5,-3.5,402.283564358507,0.635563534055842,2016-12-13 11:00:00
-60.5,-3.5,402.562301110262,0.642979735098399,2016-12-14 11:00:00
-60.5,-3.5,402.774573808223,0.641895961420164,2016-12-15 11:00:00
-60.5,-3.5,402.867282987102,0.650408477118438,2016-12-16 11:00:00
-60.5,-3.5,402.83075273948,0.640550010822745,2016-12-17 11:00:00
-60.5,-3.5,402.744590956368,0.606469319858936,2016-12-18 11:00:00
-60.5,-3.5,402.72599492677,0.584101476397385,2016-12-19 11:00:00
-60.5,-3.5,402.725842328112,0.61540926527375,2016-12-20 11:00:00
-60.5,-3.5,402.714795530632,0.669124421368265,2016-12-21 11:00:00
-60.5,-3.5,402.69753384724,0.697089271434466,2016-12-22 11:00:00
-60.5,-3.5,402.722827937452,0.701960967241798,2016-12-23 11:00:00
-60.5,-3.5,402.788228946778,0.701145237169521,2016-12-24 11:00:00
-60.5,-3.5,402.891617341197,0.68896024845528,2016-12-25 11:00:00
-60.5,-3.5,403.031839403961,0.662669901592996,2016-12-26 11:00:00
-60.5,-3.5,403.035448928713,0.6622865249082,2016-12-27 11:00:00
-60.5,-3.5,402.886624254375,0.709859379731409,2016-12-28 11:00:00
-60.5,-3.5,402.655768783758,0.786567688000812,2016-12-29 11:00:00
-60.5,-3.5,402.517070033329,0.838050611231177,2016-12-30 11:00:00
-60.5,-3.5,402.508937758541,0.846372716535079,2016-12-31 11:00:00
-60.5,-3.5,402.691980087295,0.810466932402714,2017-01-01 11:00:00
-60.5,-3.5,402.950727055575,0.755056390993027,2017-01-02 11:00:00
-60.5,-3.5,403.036894554973,0.713837231710867,2017-01-03 11:00:00
-60.5,-3.5,402.947102685759,0.687951078113582,2017-01-04 11:00:00
-60.5,-3.5,402.800970322434,0.678825256428962,2017-01-05 11:00:00
-60.5,-3.5,402.68319415551,0.687881934630482,2017-01-06 11:00:00
-60.5,-3.5,402.776720949909,0.673850974447891,2017-01-07 11:00:00
-60.5,-3.5,402.988488282186,0.636104170469398,2017-01-08 11:00:00
-60.5,-3.5,403.212400183693,0.583383473211933,2017-01-09 11:00:00
-60.5,-3.5,403.260659628943,0.590506510081292,2017-01-10 11:00:00
-60.5,-3.5,403.108435925272,0.662239953124894,2017-01-11 11:00:00
-60.5,-3.5,402.856312181968,0.721689827819478,2017-01-12 11:00:00
-60.5,-3.5,402.648959722331,0.755750608227831,2017-01-13 11:00:00
-60.5,-3.5,402.605078969483,0.749371116909503,2017-01-14 11:00:00
-60.5,-3.5,402.612725496056,0.719770851124847,2017-01-15 11:00:00
-60.5,-3.5,402.612460899905,0.693117205442504,2017-01-16 11:00:00
-60.5,-3.5,402.581442226175,0.705015791140678,2017-01-17 11:00:00
-60.5,-3.5,402.573193580845,0.731796745239671,2017-01-18 11:00:00
-60.5,-3.5,402.639514766553,0.730470188759829,2017-01-19 11:00:00
-60.5,-3.5,402.786578763348,0.701668865101506,2017-01-20 11:00:00
-60.5,-3.5,402.95168544883,0.682041253676741,2017-01-21 11:00:00
-60.5,-3.5,403.07073641692,0.665889901734136,2017-01-22 11:00:00
-60.5,-3.5,403.179980367496,0.649388862202465,2017-01-23 11:00:00
-60.5,-3.5,403.249448356253,0.655525894886298,2017-01-24 11:00:00
-60.5,-3.5,403.2970293914,0.681793513191234,2017-01-25 11:00:00
-60.5,-3.5,403.320422524441,0.692430859119371,2017-01-26 11:00:00
-60.5,-3.5,403.254708140608,0.684586053839226,2017-01-27 11:00:00
-60.5,-3.5,403.171760223204,0.698445785595792,2017-01-28 11:00:00
-60.5,-3.5,403.113411247474,0.713535135965023,2017-01-29 11:00:00
-60.5,-3.5,403.136149227573,0.720616532656919,2017-01-30 11:00:00
-60.5,-3.5,403.20919741871,0.713218808128854,2017-01-31 11:00:00
-60.5,-3.5,403.395648107295,0.702559436208836,2017-02-01 11:00:00
-60.5,-3.5,403.631129798741,0.664136458800724,2017-02-02 11:00:00
-60.5,-3.5,403.903235119326,0.642470188971443,2017-02-03 11:00:00
-60.5,-3.5,404.079799184878,0.695202761964869,2017-02-04 11:00:00
-60.5,-3.5,404.094755332102,0.78249314707158,2017-02-05 11:00:00
-60.5,-3.5,403.975844238973,0.83206115661908,2017-02-06 11:00:00
-60.5,-3.5,403.773784636079,0.845392836007082,2017-02-07 11:00:00
-60.5,-3.5,403.648153643459,0.859128437012689,2017-02-08 11:00:00
-60.5,-3.5,403.659102571122,0.860377811434018,2017-02-09 11:00:00
-60.5,-3.5,403.751486411023,0.855080497809814,2017-02-10 11:00:00
-60.5,-3.5,403.819627378349,0.832068127057543,2017-02-11 11:00:00
-60.5,-3.5,403.846594514196,0.785741596086076,2017-02-12 11:00:00
-60.5,-3.5,403.804448646969,0.746787975533356,2017-02-13 11:00:00
-60.5,-3.5,403.75221434608,0.761093105473677,2017-02-14 11:00:00
-60.5,-3.5,403.729415118512,0.807266773158167,2017-02-15 11:00:00
-60.5,-3.5,403.704121466366,0.819095539995318,2017-02-16 11:00:00
-60.5,-3.5,403.62702345025,0.77609244166987,2017-02-17 11:00:00
-60.5,-3.5,403.454932314501,0.750929987481245,2017-02-18 11:00:00
-60.5,-3.5,403.236550341152,0.814108286381452,2017-02-19 11:00:00
-60.5,-3.5,403.061555892954,0.941106258128283,2017-02-20 11:00:00
-60.5,-3.5,402.994681936254,1.09624475279458,2017-02-21 11:00:00
-60.5,-3.5,403.038221254841,1.26036029284798,2017-02-22 11:00:00
-60.5,-3.5,403.152495942638,1.39228938026997,2017-02-23 11:00:00
-60.5,-3.5,403.273112951655,1.40529075360433,2017-02-24 11:00:00
-60.5,-3.5,403.440664728531,1.35194286321233,2017-02-25 11:00:00
-60.5,-3.5,403.601131849091,1.20970451327361,2017-02-26 11:00:00
-60.5,-3.5,403.785653272452,0.99092797182727,2017-02-27 11:00:00
-60.5,-3.5,403.979092365611,0.798803644575958,2017-02-28 11:00:00
-60.5,-3.5,403.864715014208,0.683750987791172,2017-03-01 11:00:00
-60.5,-3.5,403.550303990888,0.650968142745695,2017-03-02 11:00:00
-60.5,-3.5,403.186381092071,0.668658452293834,2017-03-03 11:00:00
-60.5,-3.5,402.943995206185,0.705579290190779,2017-03-04 11:00:00
-60.5,-3.5,402.961098168385,0.754305427868422,2017-03-05 11:00:00
-60.5,-3.5,403.183487272355,0.775727366816342,2017-03-06 11:00:00
-60.5,-3.5,403.472415452997,0.760156979764665,2017-03-07 11:00:00
-60.5,-3.5,403.624649002732,0.712360289336622,2017-03-08 11:00:00
-60.5,-3.5,403.629078022635,0.663644317093904,2017-03-09 11:00:00
-60.5,-3.5,403.556519600645,0.657957810468005,2017-03-10 11:00:00
-60.5,-3.5,403.490738906633,0.697471798317441,2017-03-11 11:00:00
-60.5,-3.5,403.537669047372,0.730554930715253,2017-03-12 11:00:00
-60.5,-3.5,403.68833184466,0.713448461191518,2017-03-13 11:00:00
-60.5,-3.5,403.764475486063,0.682836704474022,2017-03-14 11:00:00
-60.5,-3.5,403.694250144816,0.679479187646499,2017-03-15 11:00:00
-60.5,-3.5,403.53072947396,0.700375801819374,2017-03-16 11:00:00
-60.5,-3.5,403.335050478519,0.716934609678854,2017-03-17 11:00:00
-60.5,-3.5,403.245688853132,0.741013636061835,2017-03-18 11:00:00
-60.5,-3.5,403.32332835184,0.791238065887536,2017-03-19 11:00:00
-60.5,-3.5,403.448284905428,0.812991811005879,2017-03-20 11:00:00
-60.5,-3.5,403.482849595727,0.769853072970538,2017-03-21 11:00:00
-60.5,-3.5,403.500658230309,0.68297455111557,2017-03-22 11:00:00
-60.5,-3.5,403.545342909154,0.653889527756971,2017-03-23 11:00:00
-60.5,-3.5,403.563932194605,0.678173718602026,2017-03-24 11:00:00
-60.5,-3.5,403.640813758998,0.72934776266505,2017-03-25 11:00:00
-60.5,-3.5,403.590883054586,0.777686367243092,2017-03-26 11:00:00
-60.5,-3.5,403.401958759496,0.800334290627039,2017-03-27 11:00:00
-60.5,-3.5,403.199287477539,0.751342871301568,2017-03-28 11:00:00
-60.5,-3.5,403.136199770031,0.70928100297315,2017-03-29 11:00:00
-60.5,-3.5,403.34125431966,0.723112455696333,2017-03-30 11:00:00
-60.5,-3.5,403.780798590531,0.764682731540081,2017-03-31 11:00:00
-60.5,-3.5,404.298576843248,0.793786026396012,2017-04-01 11:00:00
-60.5,-3.5,404.585877861026,0.804751447588969,2017-04-02 10:00:00
-60.5,-3.5,404.608056252241,0.79544073087556,2017-04-03 10:00:00
-60.5,-3.5,404.432568766707,0.760984242390905,2017-04-04 10:00:00
-60.5,-3.5,404.28763986076,0.730456325798234,2017-04-05 10:00:00
-60.5,-3.5,404.305411259816,0.736357449927491,2017-04-06 10:00:00
-60.5,-3.5,404.346642413556,0.762049459863382,2017-04-07 10:00:00
-60.5,-3.5,404.1647422661,0.723382627575041,2017-04-08 10:00:00
-60.5,-3.5,403.799654729804,0.711475613187457,2017-04-09 10:00:00
-60.5,-3.5,403.377158940598,0.683781653525686,2017-04-10 10:00:00
-60.5,-3.5,403.106158293928,0.661856777980002,2017-04-11 10:00:00
-60.5,-3.5,403.09283580543,0.656926920019002,2017-04-12 10:00:00
-60.5,-3.5,403.326631331719,0.681780610608218,2017-04-13 10:00:00
-60.5,-3.5,403.554812390418,0.717870049508465,2017-04-14 10:00:00
-60.5,-3.5,403.633384014965,0.749716120675572,2017-04-15 10:00:00
-60.5,-3.5,403.59692922471,0.798112108190698,2017-04-16 10:00:00
-60.5,-3.5,403.421050856112,0.834383482280978,2017-04-17 10:00:00
-60.5,-3.5,403.277990310256,0.827245594341366,2017-04-18 10:00:00
-60.5,-3.5,403.257368342047,0.786960062635504,2017-04-19 10:00:00
-60.5,-3.5,403.367593054809,0.75466558104881,2017-04-20 10:00:00
-60.5,-3.5,403.546080015199,0.73889746342925,2017-04-21 10:00:00
-60.5,-3.5,403.572039027359,0.727037922267647,2017-04-22 10:00:00
-60.5,-3.5,403.49201166591,0.709845097732565,2017-04-23 10:00:00
-60.5,-3.5,403.380436817237,0.703657811935629,2017-04-24 10:00:00
-60.5,-3.5,403.238950400124,0.689441082830224,2017-04-25 10:00:00
-60.5,-3.5,403.138151099806,0.694621023260144,2017-04-26 10:00:00
-60.5,-3.5,403.204310006634,0.712818859392712,2017-04-27 10:00:00
-60.5,-3.5,403.423456722967,0.710118365816998,2017-04-28 10:00:00
-60.5,-3.5,403.721776715401,0.679235352177887,2017-04-29 10:00:00
-60.5,-3.5,404.086546086101,0.662405868022398,2017-04-30 10:00:00
-60.5,-3.5,404.398937868321,0.686440588309139,2017-05-01 10:00:00
-60.5,-3.5,404.501267256718,0.713542867238186,2017-05-02 10:00:00
-60.5,-3.5,404.454855727134,0.738150954811254,2017-05-03 10:00:00
-60.5,-3.5,404.376400216743,0.749429371298103,2017-05-04 10:00:00
-60.5,-3.5,404.252608330668,0.756817054765905,2017-05-05 10:00:00
-60.5,-3.5,404.117949350846,0.760662267051461,2017-05-06 10:00:00
-60.5,-3.5,404.007446378958,0.767483552602596,2017-05-07 10:00:00
-60.5,-3.5,403.900574992162,0.78320076483257,2017-05-08 10:00:00
-60.5,-3.5,403.777417772435,0.784025165005914,2017-05-09 10:00:00
-60.5,-3.5,403.72369291343,0.777015776936248,2017-05-10 10:00:00
-60.5,-3.5,403.780831089216,0.784137645230034,2017-05-11 10:00:00
-60.5,-3.5,403.874697579175,0.787433092837673,2017-05-12 10:00:00
-60.5,-3.5,404.086967184007,0.757109277001003,2017-05-13 10:00:00
-60.5,-3.5,404.389187690269,0.727360270684189,2017-05-14 10:00:00
-60.5,-3.5,404.748117585992,0.735426982355034,2017-05-15 10:00:00
-60.5,-3.5,405.123704948071,0.713834449143099,2017-05-16 10:00:00
-60.5,-3.5,405.340171878055,0.68449024581183,2017-05-17 10:00:00
-60.5,-3.5,405.32905109153,0.712286086375343,2017-05-18 10:00:00
-60.5,-3.5,405.173339946842,0.778180587109764,2017-05-19 10:00:00
-60.5,-3.5,404.95076225448,0.797982144246613,2017-05-20 10:00:00
-60.5,-3.5,404.68762960752,0.768178010822242,2017-05-21 10:00:00
-60.5,-3.5,404.665379619852,0.722637273952794,2017-05-22 10:00:00
-60.5,-3.5,404.887734589878,0.677473021040192,2017-05-23 10:00:00
-60.5,-3.5,405.181886103838,0.62516351372212,2017-05-24 10:00:00
-60.5,-3.5,405.434692661203,0.587536571918521,2017-05-25 10:00:00
-60.5,-3.5,405.515256997546,0.576192518553264,2017-05-26 10:00:00
-60.5,-3.5,405.343112334138,0.580353207958134,2017-05-27 10:00:00
-60.5,-3.5,405.02551109897,0.580107603151301,2017-05-28 10:00:00
-60.5,-3.5,404.81520722494,0.589310919095887,2017-05-29 10:00:00
-60.5,-3.5,404.753897014973,0.617978950166771,2017-05-30 10:00:00
-60.5,-3.5,404.780899484829,0.633881382102818,2017-05-31 10:00:00
-60.5,-3.5,404.829985639951,0.62580927574086,2017-06-01 10:00:00
